"","letter_id","param","quantile","intervention","value"
"1","J","param_importation_rates_num","NA","NA","none (after initial seeding)"
"2","J","param_initial_number_susc_individuals","5","NA","98820"
"3","J","param_initial_number_susc_individuals","25","NA","99615"
"4","J","param_initial_number_susc_individuals","50","NA","99757"
"5","J","param_initial_number_susc_individuals","75","NA","99827"
"6","J","param_initial_number_susc_individuals","95","NA","99891"
"7","J","param_dist_dates_5percent_intervention","5","5percent","184"
"8","J","param_dist_dates_5percent_intervention","25","5percent","184"
"9","J","param_dist_dates_5percent_intervention","50","5percent","184"
"10","J","param_dist_dates_5percent_intervention","75","5percent","184"
"11","J","param_dist_dates_5percent_intervention","95","5percent","184"
"12","J","param_dist_dates_2wk_intervention","5","2weeks","133"
"13","J","param_dist_dates_2wk_intervention","25","2weeks","133"
"14","J","param_dist_dates_2wk_intervention","50","2weeks","133"
"15","J","param_dist_dates_2wk_intervention","75","2weeks","133"
"16","J","param_dist_dates_2wk_intervention","95","2weeks","133"
"17","J","param_dist_dates_final_num_susc_individuals","5","closed","1587"
"18","J","param_dist_dates_final_num_susc_individuals","25","closed","14793"
"19","J","param_dist_dates_final_num_susc_individuals","50","closed","36918"
"20","J","param_dist_dates_final_num_susc_individuals","75","closed","93435"
"21","J","param_dist_dates_final_num_susc_individuals","95","closed","99331"
"22","J","param_dist_dates_final_num_susc_individuals","5","2weeks","298"
"23","J","param_dist_dates_final_num_susc_individuals","25","2weeks","6624"
"24","J","param_dist_dates_final_num_susc_individuals","50","2weeks","18477"
"25","J","param_dist_dates_final_num_susc_individuals","75","2weeks","53399"
"26","J","param_dist_dates_final_num_susc_individuals","95","2weeks","95826"
"27","J","param_dist_dates_final_num_susc_individuals","5","5percent","260"
"28","J","param_dist_dates_final_num_susc_individuals","25","5percent","7836"
"29","J","param_dist_dates_final_num_susc_individuals","50","5percent","26854"
"30","J","param_dist_dates_final_num_susc_individuals","75","5percent","64886"
"31","J","param_dist_dates_final_num_susc_individuals","95","5percent","97463"
"32","J","param_dist_dates_final_num_susc_individuals","5","open","2"
"33","J","param_dist_dates_final_num_susc_individuals","25","open","474"
"34","J","param_dist_dates_final_num_susc_individuals","50","open","4964"
"35","J","param_dist_dates_final_num_susc_individuals","75","open","13866"
"36","J","param_dist_dates_final_num_susc_individuals","95","open","40167"
"37","J","param_new_infections_final_day","5","closed","0"
"38","J","param_new_infections_final_day","25","closed","10"
"39","J","param_new_infections_final_day","50","closed","94"
"40","J","param_new_infections_final_day","75","closed","310"
"41","J","param_new_infections_final_day","95","closed","618"
"42","J","param_new_infections_final_day","5","2weeks","1"
"43","J","param_new_infections_final_day","25","2weeks","53"
"44","J","param_new_infections_final_day","50","2weeks","220"
"45","J","param_new_infections_final_day","75","2weeks","553"
"46","J","param_new_infections_final_day","95","2weeks","1529"
"47","J","param_new_infections_final_day","5","5percent","0"
"48","J","param_new_infections_final_day","25","5percent","36"
"49","J","param_new_infections_final_day","50","5percent","189"
"50","J","param_new_infections_final_day","75","5percent","416"
"51","J","param_new_infections_final_day","95","5percent","777"
"52","J","param_new_infections_final_day","5","open","0"
"53","J","param_new_infections_final_day","25","open","0"
"54","J","param_new_infections_final_day","50","open","12"
"55","J","param_new_infections_final_day","75","open","89"
"56","J","param_new_infections_final_day","95","open","316"
"57","J","param_daily_deaths_final_day","5","closed","0"
"58","J","param_daily_deaths_final_day","25","closed","0"
"59","J","param_daily_deaths_final_day","50","closed","1"
"60","J","param_daily_deaths_final_day","75","closed","6"
"61","J","param_daily_deaths_final_day","95","closed","24"
"62","J","param_daily_deaths_final_day","5","2weeks","0"
"63","J","param_daily_deaths_final_day","25","2weeks","1"
"64","J","param_daily_deaths_final_day","50","2weeks","3"
"65","J","param_daily_deaths_final_day","75","2weeks","12"
"66","J","param_daily_deaths_final_day","95","2weeks","41"
"67","J","param_daily_deaths_final_day","5","5percent","0"
"68","J","param_daily_deaths_final_day","25","5percent","0"
"69","J","param_daily_deaths_final_day","50","5percent","0"
"70","J","param_daily_deaths_final_day","75","5percent","1"
"71","J","param_daily_deaths_final_day","95","5percent","16"
"72","J","param_daily_deaths_final_day","5","open","0"
"73","J","param_daily_deaths_final_day","25","open","0"
"74","J","param_daily_deaths_final_day","50","open","0"
"75","J","param_daily_deaths_final_day","75","open","1"
"76","J","param_daily_deaths_final_day","95","open","16"
"77","O","param_importation_rates_num","NA","NA","0.3 cases / day until the travel ban (March 30), then modified"
"78","O","param_initial_number_susc_individuals","5","NA",NA
"79","O","param_initial_number_susc_individuals","25","NA",NA
"80","O","param_initial_number_susc_individuals","50","NA","100100"
"81","O","param_initial_number_susc_individuals","75","NA",NA
"82","O","param_initial_number_susc_individuals","95","NA",NA
"83","O","param_dist_dates_5percent_intervention","5","5percent","184"
"84","O","param_dist_dates_5percent_intervention","25","5percent","184"
"85","O","param_dist_dates_5percent_intervention","50","5percent","184"
"86","O","param_dist_dates_5percent_intervention","75","5percent","184"
"87","O","param_dist_dates_5percent_intervention","95","5percent","184"
"88","O","param_dist_dates_2wk_intervention","5","2weeks","87"
"89","O","param_dist_dates_2wk_intervention","25","2weeks","87"
"90","O","param_dist_dates_2wk_intervention","50","2weeks","87"
"91","O","param_dist_dates_2wk_intervention","75","2weeks","87"
"92","O","param_dist_dates_2wk_intervention","95","2weeks","87"
"93","O","param_dist_dates_final_num_susc_individuals","5","closed","58144"
"94","O","param_dist_dates_final_num_susc_individuals","25","closed","68739"
"95","O","param_dist_dates_final_num_susc_individuals","50","closed","89099"
"96","O","param_dist_dates_final_num_susc_individuals","75","closed","94058"
"97","O","param_dist_dates_final_num_susc_individuals","95","closed","97868"
"98","O","param_dist_dates_final_num_susc_individuals","5","2weeks","16646"
"99","O","param_dist_dates_final_num_susc_individuals","25","2weeks","69961"
"100","O","param_dist_dates_final_num_susc_individuals","50","2weeks","84907"
"101","O","param_dist_dates_final_num_susc_individuals","75","2weeks","92042"
"102","O","param_dist_dates_final_num_susc_individuals","95","2weeks","96361"
"103","O","param_dist_dates_final_num_susc_individuals","5","5percent",NA
"104","O","param_dist_dates_final_num_susc_individuals","25","5percent",NA
"105","O","param_dist_dates_final_num_susc_individuals","50","5percent",NA
"106","O","param_dist_dates_final_num_susc_individuals","75","5percent",NA
"107","O","param_dist_dates_final_num_susc_individuals","95","5percent",NA
"108","O","param_dist_dates_final_num_susc_individuals","5","open","0"
"109","O","param_dist_dates_final_num_susc_individuals","25","open","36207"
"110","O","param_dist_dates_final_num_susc_individuals","50","open","55499"
"111","O","param_dist_dates_final_num_susc_individuals","75","open","74890"
"112","O","param_dist_dates_final_num_susc_individuals","95","open","85578"
"113","O","param_new_infections_final_day","5","closed","4"
"114","O","param_new_infections_final_day","25","closed","12"
"115","O","param_new_infections_final_day","50","closed","21"
"116","O","param_new_infections_final_day","75","closed","23"
"117","O","param_new_infections_final_day","95","closed","38"
"118","O","param_new_infections_final_day","5","2weeks","5"
"119","O","param_new_infections_final_day","25","2weeks","40"
"120","O","param_new_infections_final_day","50","2weeks","148"
"121","O","param_new_infections_final_day","75","2weeks","183"
"122","O","param_new_infections_final_day","95","2weeks","205"
"123","O","param_new_infections_final_day","5","5percent",NA
"124","O","param_new_infections_final_day","25","5percent",NA
"125","O","param_new_infections_final_day","50","5percent",NA
"126","O","param_new_infections_final_day","75","5percent",NA
"127","O","param_new_infections_final_day","95","5percent",NA
"128","O","param_new_infections_final_day","5","open","2"
"129","O","param_new_infections_final_day","25","open","8"
"130","O","param_new_infections_final_day","50","open","19"
"131","O","param_new_infections_final_day","75","open","59"
"132","O","param_new_infections_final_day","95","open","71"
"133","O","param_daily_deaths_final_day","5","closed","0"
"134","O","param_daily_deaths_final_day","25","closed","0"
"135","O","param_daily_deaths_final_day","50","closed","0"
"136","O","param_daily_deaths_final_day","75","closed","0"
"137","O","param_daily_deaths_final_day","95","closed","0"
"138","O","param_daily_deaths_final_day","5","2weeks",NA
"139","O","param_daily_deaths_final_day","25","2weeks",NA
"140","O","param_daily_deaths_final_day","50","2weeks","1"
"141","O","param_daily_deaths_final_day","75","2weeks",NA
"142","O","param_daily_deaths_final_day","95","2weeks",NA
"143","O","param_daily_deaths_final_day","5","5percent","0"
"144","O","param_daily_deaths_final_day","25","5percent","0"
"145","O","param_daily_deaths_final_day","50","5percent","0"
"146","O","param_daily_deaths_final_day","75","5percent","0"
"147","O","param_daily_deaths_final_day","95","5percent","0"
"148","O","param_daily_deaths_final_day","5","open",NA
"149","O","param_daily_deaths_final_day","25","open",NA
"150","O","param_daily_deaths_final_day","50","open","1"
"151","O","param_daily_deaths_final_day","75","open",NA
"152","O","param_daily_deaths_final_day","95","open",NA
"153","B","param_importation_rates_num","NA","NA","none"
"154","B","param_initial_number_susc_individuals","5","NA","98962"
"155","B","param_initial_number_susc_individuals","25","NA","99116.75"
"156","B","param_initial_number_susc_individuals","50","NA","99213.5"
"157","B","param_initial_number_susc_individuals","75","NA","99304"
"158","B","param_initial_number_susc_individuals","95","NA","99439"
"159","B","param_dist_dates_5percent_intervention","5","5percent","38"
"160","B","param_dist_dates_5percent_intervention","25","5percent","56"
"161","B","param_dist_dates_5percent_intervention","50","5percent","92"
"162","B","param_dist_dates_5percent_intervention","75","5percent","184"
"163","B","param_dist_dates_5percent_intervention","95","5percent","184"
"164","B","param_dist_dates_2wk_intervention","5","2weeks","7"
"165","B","param_dist_dates_2wk_intervention","25","2weeks","75"
"166","B","param_dist_dates_2wk_intervention","50","2weeks","101"
"167","B","param_dist_dates_2wk_intervention","75","2weeks","184"
"168","B","param_dist_dates_2wk_intervention","95","2weeks","184"
"169","B","param_dist_dates_final_num_susc_individuals","5","closed","96624"
"170","B","param_dist_dates_final_num_susc_individuals","25","closed","97594.5"
"171","B","param_dist_dates_final_num_susc_individuals","50","closed","98431.5"
"172","B","param_dist_dates_final_num_susc_individuals","75","closed","98860.75"
"173","B","param_dist_dates_final_num_susc_individuals","95","closed","99049"
"174","B","param_dist_dates_final_num_susc_individuals","5","2weeks","61202"
"175","B","param_dist_dates_final_num_susc_individuals","25","2weeks","96841.25"
"176","B","param_dist_dates_final_num_susc_individuals","50","2weeks","97799"
"177","B","param_dist_dates_final_num_susc_individuals","75","2weeks","98304"
"178","B","param_dist_dates_final_num_susc_individuals","95","2weeks","98791"
"179","B","param_dist_dates_final_num_susc_individuals","5","5percent","89949"
"180","B","param_dist_dates_final_num_susc_individuals","25","5percent","94730.75"
"181","B","param_dist_dates_final_num_susc_individuals","50","5percent","96788"
"182","B","param_dist_dates_final_num_susc_individuals","75","5percent","97512"
"183","B","param_dist_dates_final_num_susc_individuals","95","5percent","98379.25"
"184","B","param_dist_dates_final_num_susc_individuals","5","open","54198.75"
"185","B","param_dist_dates_final_num_susc_individuals","25","open","60943.25"
"186","B","param_dist_dates_final_num_susc_individuals","50","open","66609.5"
"187","B","param_dist_dates_final_num_susc_individuals","75","open","72160.5"
"188","B","param_dist_dates_final_num_susc_individuals","95","open","81424"
"189","B","param_new_infections_final_day","5","closed","0"
"190","B","param_new_infections_final_day","25","closed","0"
"191","B","param_new_infections_final_day","50","closed","0.5"
"192","B","param_new_infections_final_day","75","closed","3.25"
"193","B","param_new_infections_final_day","95","closed","14"
"194","B","param_new_infections_final_day","5","2weeks","0"
"195","B","param_new_infections_final_day","25","2weeks","4"
"196","B","param_new_infections_final_day","50","2weeks","12"
"197","B","param_new_infections_final_day","75","2weeks","44"
"198","B","param_new_infections_final_day","95","2weeks","160.25"
"199","B","param_new_infections_final_day","5","5percent","1"
"200","B","param_new_infections_final_day","25","5percent","7"
"201","B","param_new_infections_final_day","50","5percent","36"
"202","B","param_new_infections_final_day","75","5percent","111"
"203","B","param_new_infections_final_day","95","5percent","244.25"
"204","B","param_new_infections_final_day","5","open","47"
"205","B","param_new_infections_final_day","25","open","103"
"206","B","param_new_infections_final_day","50","open","147"
"207","B","param_new_infections_final_day","75","open","191"
"208","B","param_new_infections_final_day","95","open","250"
"209","B","param_daily_deaths_final_day","5","closed","0"
"210","B","param_daily_deaths_final_day","25","closed","0"
"211","B","param_daily_deaths_final_day","50","closed","0"
"212","B","param_daily_deaths_final_day","75","closed","0"
"213","B","param_daily_deaths_final_day","95","closed","1"
"214","B","param_daily_deaths_final_day","5","2weeks","0"
"215","B","param_daily_deaths_final_day","25","2weeks","0"
"216","B","param_daily_deaths_final_day","50","2weeks","0"
"217","B","param_daily_deaths_final_day","75","2weeks","0"
"218","B","param_daily_deaths_final_day","95","2weeks","2"
"219","B","param_daily_deaths_final_day","5","5percent","0"
"220","B","param_daily_deaths_final_day","25","5percent","0"
"221","B","param_daily_deaths_final_day","50","5percent","0"
"222","B","param_daily_deaths_final_day","75","5percent","1"
"223","B","param_daily_deaths_final_day","95","5percent","2"
"224","B","param_daily_deaths_final_day","5","open","0"
"225","B","param_daily_deaths_final_day","25","open","1"
"226","B","param_daily_deaths_final_day","50","open","2"
"227","B","param_daily_deaths_final_day","75","open","3"
"228","B","param_daily_deaths_final_day","95","open","4.25"
"229","L","param_importation_rates_num","NA","NA","0 - 0.5 cases / day"
"230","L","param_initial_number_susc_individuals","5","NA","98087"
"231","L","param_initial_number_susc_individuals","25","NA","98293"
"232","L","param_initial_number_susc_individuals","50","NA","98638"
"233","L","param_initial_number_susc_individuals","75","NA","98822"
"234","L","param_initial_number_susc_individuals","95","NA","98979"
"235","L","param_dist_dates_5percent_intervention","5","5percent","148"
"236","L","param_dist_dates_5percent_intervention","25","5percent","184"
"237","L","param_dist_dates_5percent_intervention","50","5percent","184"
"238","L","param_dist_dates_5percent_intervention","75","5percent","184"
"239","L","param_dist_dates_5percent_intervention","95","5percent","184"
"240","L","param_dist_dates_2wk_intervention","5","2weeks","69"
"241","L","param_dist_dates_2wk_intervention","25","2weeks","91"
"242","L","param_dist_dates_2wk_intervention","50","2weeks","126"
"243","L","param_dist_dates_2wk_intervention","75","2weeks","153"
"244","L","param_dist_dates_2wk_intervention","95","2weeks","184"
"245","L","param_dist_dates_final_num_susc_individuals","5","closed","60437"
"246","L","param_dist_dates_final_num_susc_individuals","25","closed","72540"
"247","L","param_dist_dates_final_num_susc_individuals","50","closed","86512"
"248","L","param_dist_dates_final_num_susc_individuals","75","closed","94786"
"249","L","param_dist_dates_final_num_susc_individuals","95","closed","96768"
"250","L","param_dist_dates_final_num_susc_individuals","5","2weeks","60549"
"251","L","param_dist_dates_final_num_susc_individuals","25","2weeks","71482"
"252","L","param_dist_dates_final_num_susc_individuals","50","2weeks","85338"
"253","L","param_dist_dates_final_num_susc_individuals","75","2weeks","94088"
"254","L","param_dist_dates_final_num_susc_individuals","95","2weeks","96686"
"255","L","param_dist_dates_final_num_susc_individuals","5","5percent","60437"
"256","L","param_dist_dates_final_num_susc_individuals","25","5percent","72540"
"257","L","param_dist_dates_final_num_susc_individuals","50","5percent","86512"
"258","L","param_dist_dates_final_num_susc_individuals","75","5percent","94786"
"259","L","param_dist_dates_final_num_susc_individuals","95","5percent","96768"
"260","L","param_dist_dates_final_num_susc_individuals","5","open","50499"
"261","L","param_dist_dates_final_num_susc_individuals","25","open","60189"
"262","L","param_dist_dates_final_num_susc_individuals","50","open","77245"
"263","L","param_dist_dates_final_num_susc_individuals","75","open","86392"
"264","L","param_dist_dates_final_num_susc_individuals","95","open","95528"
"265","L","param_new_infections_final_day","5","closed","0"
"266","L","param_new_infections_final_day","25","closed","2"
"267","L","param_new_infections_final_day","50","closed","19"
"268","L","param_new_infections_final_day","75","closed","44"
"269","L","param_new_infections_final_day","95","closed","98"
"270","L","param_new_infections_final_day","5","2weeks","1"
"271","L","param_new_infections_final_day","25","2weeks","5"
"272","L","param_new_infections_final_day","50","2weeks","29"
"273","L","param_new_infections_final_day","75","2weeks","74"
"274","L","param_new_infections_final_day","95","2weeks","121"
"275","L","param_new_infections_final_day","5","5percent","1"
"276","L","param_new_infections_final_day","25","5percent","3"
"277","L","param_new_infections_final_day","50","5percent","19"
"278","L","param_new_infections_final_day","75","5percent","44"
"279","L","param_new_infections_final_day","95","5percent","98"
"280","L","param_new_infections_final_day","5","open","0"
"281","L","param_new_infections_final_day","25","open","3"
"282","L","param_new_infections_final_day","50","open","18"
"283","L","param_new_infections_final_day","75","open","36"
"284","L","param_new_infections_final_day","95","open","91"
"285","L","param_daily_deaths_final_day","5","closed","0"
"286","L","param_daily_deaths_final_day","25","closed","0"
"287","L","param_daily_deaths_final_day","50","closed","0"
"288","L","param_daily_deaths_final_day","75","closed","1"
"289","L","param_daily_deaths_final_day","95","closed","2"
"290","L","param_daily_deaths_final_day","5","2weeks","0"
"291","L","param_daily_deaths_final_day","25","2weeks","0"
"292","L","param_daily_deaths_final_day","50","2weeks","0"
"293","L","param_daily_deaths_final_day","75","2weeks","1"
"294","L","param_daily_deaths_final_day","95","2weeks","3"
"295","L","param_daily_deaths_final_day","5","5percent","0"
"296","L","param_daily_deaths_final_day","25","5percent","0"
"297","L","param_daily_deaths_final_day","50","5percent","0"
"298","L","param_daily_deaths_final_day","75","5percent","1"
"299","L","param_daily_deaths_final_day","95","5percent","2"
"300","L","param_daily_deaths_final_day","5","open","0"
"301","L","param_daily_deaths_final_day","25","open","0"
"302","L","param_daily_deaths_final_day","50","open","0"
"303","L","param_daily_deaths_final_day","75","open","1"
"304","L","param_daily_deaths_final_day","95","open","3"
"305","M","param_importation_rates_num","NA","NA","none"
"306","M","param_initial_number_susc_individuals","5","NA",NA
"307","M","param_initial_number_susc_individuals","25","NA",NA
"308","M","param_initial_number_susc_individuals","50","NA","99735"
"309","M","param_initial_number_susc_individuals","75","NA",NA
"310","M","param_initial_number_susc_individuals","95","NA",NA
"311","M","param_dist_dates_5percent_intervention","5","5percent","66"
"312","M","param_dist_dates_5percent_intervention","25","5percent","90"
"313","M","param_dist_dates_5percent_intervention","50","5percent","108"
"314","M","param_dist_dates_5percent_intervention","75","5percent","140"
"315","M","param_dist_dates_5percent_intervention","95","5percent","173"
"316","M","param_dist_dates_2wk_intervention","5","2weeks","20"
"317","M","param_dist_dates_2wk_intervention","25","2weeks","20"
"318","M","param_dist_dates_2wk_intervention","50","2weeks","22"
"319","M","param_dist_dates_2wk_intervention","75","2weeks","56"
"320","M","param_dist_dates_2wk_intervention","95","2weeks","172"
"321","M","param_dist_dates_final_num_susc_individuals","5","closed","34952.29"
"322","M","param_dist_dates_final_num_susc_individuals","25","closed","83392.78"
"323","M","param_dist_dates_final_num_susc_individuals","50","closed","97939.33"
"324","M","param_dist_dates_final_num_susc_individuals","75","closed","99172.41"
"325","M","param_dist_dates_final_num_susc_individuals","95","closed","99391.55"
"326","M","param_dist_dates_final_num_susc_individuals","5","2weeks","31903.11"
"327","M","param_dist_dates_final_num_susc_individuals","25","2weeks","48914.66"
"328","M","param_dist_dates_final_num_susc_individuals","50","2weeks","60975.4"
"329","M","param_dist_dates_final_num_susc_individuals","75","2weeks","81360.42"
"330","M","param_dist_dates_final_num_susc_individuals","95","2weeks","92160.28"
"331","M","param_dist_dates_final_num_susc_individuals","5","5percent","97803.37"
"332","M","param_dist_dates_final_num_susc_individuals","25","5percent","99040.07"
"333","M","param_dist_dates_final_num_susc_individuals","50","5percent","99186.87"
"334","M","param_dist_dates_final_num_susc_individuals","75","5percent","99255.49"
"335","M","param_dist_dates_final_num_susc_individuals","95","5percent","99311.19"
"336","M","param_dist_dates_final_num_susc_individuals","5","open","13047.07"
"337","M","param_dist_dates_final_num_susc_individuals","25","open","34356.99"
"338","M","param_dist_dates_final_num_susc_individuals","50","open","63608.35"
"339","M","param_dist_dates_final_num_susc_individuals","75","open","89938.74"
"340","M","param_dist_dates_final_num_susc_individuals","95","open","98305.53"
"341","M","param_new_infections_final_day","5","closed","3.6776610000000001E-2"
"342","M","param_new_infections_final_day","25","closed","2.5199850000000001"
"343","M","param_new_infections_final_day","50","closed","69.358189999999993"
"344","M","param_new_infections_final_day","75","closed","1586.0139999999999"
"345","M","param_new_infections_final_day","95","closed","4286.1779999999999"
"346","M","param_new_infections_final_day","5","2weeks","196.79660000000001"
"347","M","param_new_infections_final_day","25","2weeks","991.30139999999994"
"348","M","param_new_infections_final_day","50","2weeks","1752.6320000000001"
"349","M","param_new_infections_final_day","75","2weeks","2247.9699999999998"
"350","M","param_new_infections_final_day","95","2weeks","2915.0945999999999"
"351","M","param_new_infections_final_day","5","5percent","2.9135659999999999"
"352","M","param_new_infections_final_day","25","5percent","9.072533"
"353","M","param_new_infections_final_day","50","5percent","24.177630000000001"
"354","M","param_new_infections_final_day","75","5percent","65.160523999999995"
"355","M","param_new_infections_final_day","95","5percent","356.63520199999999"
"356","M","param_new_infections_final_day","5","open","33.752079999999999"
"357","M","param_new_infections_final_day","25","open","278.66636999999997"
"358","M","param_new_infections_final_day","50","open","833.62325999999996"
"359","M","param_new_infections_final_day","75","open","1602.6004399999999"
"360","M","param_new_infections_final_day","95","open","3181.3669399999999"
"361","M","param_daily_deaths_final_day","5","closed","5.6138150000000001E-5"
"362","M","param_daily_deaths_final_day","25","closed","4.0614170000000003E-3"
"363","M","param_daily_deaths_final_day","50","closed","0.1065667"
"364","M","param_daily_deaths_final_day","75","closed","1.0365439999999999"
"365","M","param_daily_deaths_final_day","95","closed","2.35093"
"366","M","param_daily_deaths_final_day","5","2weeks","5.4970959999999999E-2"
"367","M","param_daily_deaths_final_day","25","2weeks","0.85702531999999998"
"368","M","param_daily_deaths_final_day","50","2weeks","1.3999031"
"369","M","param_daily_deaths_final_day","75","2weeks","2.0545774699999999"
"370","M","param_daily_deaths_final_day","95","2weeks","2.5119213199999999"
"371","M","param_daily_deaths_final_day","5","5percent","6.238553E-3"
"372","M","param_daily_deaths_final_day","25","5percent","1.8842736999999998E-2"
"373","M","param_daily_deaths_final_day","50","5percent","5.0818047999999998E-2"
"374","M","param_daily_deaths_final_day","75","5percent","0.149342319"
"375","M","param_daily_deaths_final_day","95","5percent","0.80318724100000005"
"376","M","param_daily_deaths_final_day","5","open","1.162556E-2"
"377","M","param_daily_deaths_final_day","25","open","0.10842013"
"378","M","param_daily_deaths_final_day","50","open","0.47792192"
"379","M","param_daily_deaths_final_day","75","open","1.31051826"
"380","M","param_daily_deaths_final_day","95","open","2.09215478"
"381","P","param_importation_rates_num","NA","NA","none"
"382","P","param_initial_number_susc_individuals","5","NA",NA
"383","P","param_initial_number_susc_individuals","25","NA",NA
"384","P","param_initial_number_susc_individuals","50","NA","99820"
"385","P","param_initial_number_susc_individuals","75","NA",NA
"386","P","param_initial_number_susc_individuals","95","NA",NA
"387","P","param_dist_dates_5percent_intervention","5","5percent","162.69999999999709"
"388","P","param_dist_dates_5percent_intervention","25","5percent","174"
"389","P","param_dist_dates_5percent_intervention","50","5percent","184"
"390","P","param_dist_dates_5percent_intervention","75","5percent","184"
"391","P","param_dist_dates_5percent_intervention","95","5percent","184"
"392","P","param_dist_dates_2wk_intervention","5","2weeks","70.55000000000291"
"393","P","param_dist_dates_2wk_intervention","25","2weeks","120.23999999999796"
"394","P","param_dist_dates_2wk_intervention","50","2weeks","141"
"395","P","param_dist_dates_2wk_intervention","75","2weeks","147.5"
"396","P","param_dist_dates_2wk_intervention","95","2weeks","156.59999999999854"
"397","P","param_dist_dates_final_num_susc_individuals","5","closed","53042.05"
"398","P","param_dist_dates_final_num_susc_individuals","25","closed","59933.25"
"399","P","param_dist_dates_final_num_susc_individuals","50","closed","68112.5"
"400","P","param_dist_dates_final_num_susc_individuals","75","closed","84521.25"
"401","P","param_dist_dates_final_num_susc_individuals","95","closed","91100.35"
"402","P","param_dist_dates_final_num_susc_individuals","5","2weeks","17231.599999999999"
"403","P","param_dist_dates_final_num_susc_individuals","25","2weeks","21647.5"
"404","P","param_dist_dates_final_num_susc_individuals","50","2weeks","25324"
"405","P","param_dist_dates_final_num_susc_individuals","75","2weeks","37227.5"
"406","P","param_dist_dates_final_num_susc_individuals","95","2weeks","52661.599999999999"
"407","P","param_dist_dates_final_num_susc_individuals","5","5percent","42663.95"
"408","P","param_dist_dates_final_num_susc_individuals","25","5percent","57265"
"409","P","param_dist_dates_final_num_susc_individuals","50","5percent","77035"
"410","P","param_dist_dates_final_num_susc_individuals","75","5percent","87381"
"411","P","param_dist_dates_final_num_susc_individuals","95","5percent","92327.2"
"412","P","param_dist_dates_final_num_susc_individuals","5","open","16379"
"413","P","param_dist_dates_final_num_susc_individuals","25","open","16660.25"
"414","P","param_dist_dates_final_num_susc_individuals","50","open","16840"
"415","P","param_dist_dates_final_num_susc_individuals","75","open","16953.75"
"416","P","param_dist_dates_final_num_susc_individuals","95","open","17123.099999999999"
"417","P","param_new_infections_final_day","5","closed","25.515000000000001"
"418","P","param_new_infections_final_day","25","closed","55.6875"
"419","P","param_new_infections_final_day","50","closed","84.375"
"420","P","param_new_infections_final_day","75","closed","102.2625"
"421","P","param_new_infections_final_day","95","closed","135.13499999999999"
"422","P","param_new_infections_final_day","5","2weeks","0"
"423","P","param_new_infections_final_day","25","2weeks","94.5"
"424","P","param_new_infections_final_day","50","2weeks","178.2"
"425","P","param_new_infections_final_day","75","2weeks","644.96249999999998"
"426","P","param_new_infections_final_day","95","2weeks","1328.2650000000001"
"427","P","param_new_infections_final_day","5","5percent","34.424999999999997"
"428","P","param_new_infections_final_day","25","5percent","71.55"
"429","P","param_new_infections_final_day","50","5percent","101.25"
"430","P","param_new_infections_final_day","75","5percent","195.07499999999999"
"431","P","param_new_infections_final_day","95","5percent","340.8075"
"432","P","param_new_infections_final_day","5","open","0"
"433","P","param_new_infections_final_day","25","open","0"
"434","P","param_new_infections_final_day","50","open","0"
"435","P","param_new_infections_final_day","75","open","0"
"436","P","param_new_infections_final_day","95","open","0"
"437","P","param_daily_deaths_final_day","5","closed","1.45"
"438","P","param_daily_deaths_final_day","25","closed","2"
"439","P","param_daily_deaths_final_day","50","closed","3"
"440","P","param_daily_deaths_final_day","75","closed","5"
"441","P","param_daily_deaths_final_day","95","closed","8.5500000000000007"
"442","P","param_daily_deaths_final_day","5","2weeks","0"
"443","P","param_daily_deaths_final_day","25","2weeks","4"
"444","P","param_daily_deaths_final_day","50","2weeks","10.5"
"445","P","param_daily_deaths_final_day","75","2weeks","20.75"
"446","P","param_daily_deaths_final_day","95","2weeks","20.75"
"447","P","param_daily_deaths_final_day","5","5percent","1"
"448","P","param_daily_deaths_final_day","25","5percent","2"
"449","P","param_daily_deaths_final_day","50","5percent","4"
"450","P","param_daily_deaths_final_day","75","5percent","5"
"451","P","param_daily_deaths_final_day","95","5percent","10.75"
"452","P","param_daily_deaths_final_day","5","open","0"
"453","P","param_daily_deaths_final_day","25","open","0"
"454","P","param_daily_deaths_final_day","50","open","0"
"455","P","param_daily_deaths_final_day","75","open","0"
"456","P","param_daily_deaths_final_day","95","open","0"
"457","G.1","param_importation_rates_num","NA","NA","none"
"458","G.1","param_initial_number_susc_individuals","5","NA",NA
"459","G.1","param_initial_number_susc_individuals","25","NA",NA
"460","G.1","param_initial_number_susc_individuals","50","NA","99975"
"461","G.1","param_initial_number_susc_individuals","75","NA",NA
"462","G.1","param_initial_number_susc_individuals","95","NA",NA
"463","G.1","param_dist_dates_5percent_intervention","5","5percent","40"
"464","G.1","param_dist_dates_5percent_intervention","25","5percent","47"
"465","G.1","param_dist_dates_5percent_intervention","50","5percent","124"
"466","G.1","param_dist_dates_5percent_intervention","75","5percent","184"
"467","G.1","param_dist_dates_5percent_intervention","95","5percent","184"
"468","G.1","param_dist_dates_2wk_intervention","5","2weeks","20"
"469","G.1","param_dist_dates_2wk_intervention","25","2weeks","101"
"470","G.1","param_dist_dates_2wk_intervention","50","2weeks","108"
"471","G.1","param_dist_dates_2wk_intervention","75","2weeks","115"
"472","G.1","param_dist_dates_2wk_intervention","95","2weeks","123"
"473","G.1","param_dist_dates_final_num_susc_individuals","5","closed","86170"
"474","G.1","param_dist_dates_final_num_susc_individuals","25","closed","88451"
"475","G.1","param_dist_dates_final_num_susc_individuals","50","closed","90398"
"476","G.1","param_dist_dates_final_num_susc_individuals","75","closed","92273"
"477","G.1","param_dist_dates_final_num_susc_individuals","95","closed","95496"
"478","G.1","param_dist_dates_final_num_susc_individuals","5","2weeks","84625"
"479","G.1","param_dist_dates_final_num_susc_individuals","25","2weeks","84646"
"480","G.1","param_dist_dates_final_num_susc_individuals","50","2weeks","84659"
"481","G.1","param_dist_dates_final_num_susc_individuals","75","2weeks","84674"
"482","G.1","param_dist_dates_final_num_susc_individuals","95","2weeks","84696"
"483","G.1","param_dist_dates_final_num_susc_individuals","5","5percent","34894"
"484","G.1","param_dist_dates_final_num_susc_individuals","25","5percent","35274"
"485","G.1","param_dist_dates_final_num_susc_individuals","50","5percent","35513"
"486","G.1","param_dist_dates_final_num_susc_individuals","75","5percent","35789"
"487","G.1","param_dist_dates_final_num_susc_individuals","95","5percent","36160"
"488","G.1","param_dist_dates_final_num_susc_individuals","5","open","49662"
"489","G.1","param_dist_dates_final_num_susc_individuals","25","open","50569"
"490","G.1","param_dist_dates_final_num_susc_individuals","50","open","51104"
"491","G.1","param_dist_dates_final_num_susc_individuals","75","open","51626"
"492","G.1","param_dist_dates_final_num_susc_individuals","95","open","52503"
"493","G.1","param_new_infections_final_day","5","closed","48.442700000000002"
"494","G.1","param_new_infections_final_day","25","closed","67.763499999999993"
"495","G.1","param_new_infections_final_day","50","closed","76.893799999999999"
"496","G.1","param_new_infections_final_day","75","closed","81.460099999999997"
"497","G.1","param_new_infections_final_day","95","closed","82.835099999999997"
"498","G.1","param_new_infections_final_day","5","2weeks","166.9984"
"499","G.1","param_new_infections_final_day","25","2weeks","167.1482"
"500","G.1","param_new_infections_final_day","50","2weeks","167.24449999999999"
"501","G.1","param_new_infections_final_day","75","2weeks","167.334"
"502","G.1","param_new_infections_final_day","95","2weeks","167.46600000000001"
"503","G.1","param_new_infections_final_day","5","5percent","706.15380000000005"
"504","G.1","param_new_infections_final_day","25","5percent","710.14980000000003"
"505","G.1","param_new_infections_final_day","50","5percent","713.12879999999996"
"506","G.1","param_new_infections_final_day","75","5percent","715.71069999999997"
"507","G.1","param_new_infections_final_day","95","5percent","719.81780000000003"
"508","G.1","param_new_infections_final_day","5","open","503.4975"
"509","G.1","param_new_infections_final_day","25","open","512.73530000000005"
"510","G.1","param_new_infections_final_day","50","open","518.24009999999998"
"511","G.1","param_new_infections_final_day","75","open","523.87819999999999"
"512","G.1","param_new_infections_final_day","95","open","533.43799999999999"
"513","G.1","param_daily_deaths_final_day","5","closed","0.9657"
"514","G.1","param_daily_deaths_final_day","25","closed","1.6749000000000001"
"515","G.1","param_daily_deaths_final_day","50","closed","2.0966"
"516","G.1","param_daily_deaths_final_day","75","closed","2.5365000000000002"
"517","G.1","param_daily_deaths_final_day","95","closed","3.0478000000000001"
"518","G.1","param_daily_deaths_final_day","5","2weeks","3.8809999999999998"
"519","G.1","param_daily_deaths_final_day","25","2weeks","3.8872"
"520","G.1","param_daily_deaths_final_day","50","2weeks","3.8912"
"521","G.1","param_daily_deaths_final_day","75","2weeks","3.8948999999999998"
"522","G.1","param_daily_deaths_final_day","95","2weeks","3.9003999999999999"
"523","G.1","param_daily_deaths_final_day","5","5percent","14.690200000000001"
"524","G.1","param_daily_deaths_final_day","25","5percent","14.773199999999999"
"525","G.1","param_daily_deaths_final_day","50","5percent","14.835100000000001"
"526","G.1","param_daily_deaths_final_day","75","5percent","14.8887"
"527","G.1","param_daily_deaths_final_day","95","5percent","14.974"
"528","G.1","param_daily_deaths_final_day","5","open","10.367800000000001"
"529","G.1","param_daily_deaths_final_day","25","open","10.558"
"530","G.1","param_daily_deaths_final_day","50","open","10.6714"
"531","G.1","param_daily_deaths_final_day","75","open","10.7875"
"532","G.1","param_daily_deaths_final_day","95","open","10.984299999999999"
"533","G.2","param_importation_rates_num","NA","NA","none"
"534","G.2","param_initial_number_susc_individuals","5","NA",NA
"535","G.2","param_initial_number_susc_individuals","25","NA",NA
"536","G.2","param_initial_number_susc_individuals","50","NA","99967"
"537","G.2","param_initial_number_susc_individuals","75","NA",NA
"538","G.2","param_initial_number_susc_individuals","95","NA",NA
"539","G.2","param_dist_dates_5percent_intervention","5","5percent","184"
"540","G.2","param_dist_dates_5percent_intervention","25","5percent","184"
"541","G.2","param_dist_dates_5percent_intervention","50","5percent","184"
"542","G.2","param_dist_dates_5percent_intervention","75","5percent","184"
"543","G.2","param_dist_dates_5percent_intervention","95","5percent","184"
"544","G.2","param_dist_dates_2wk_intervention","5","2weeks","19"
"545","G.2","param_dist_dates_2wk_intervention","25","2weeks","103"
"546","G.2","param_dist_dates_2wk_intervention","50","2weeks","111"
"547","G.2","param_dist_dates_2wk_intervention","75","2weeks","118"
"548","G.2","param_dist_dates_2wk_intervention","95","2weeks","126"
"549","G.2","param_dist_dates_final_num_susc_individuals","5","closed","85794"
"550","G.2","param_dist_dates_final_num_susc_individuals","25","closed","88581"
"551","G.2","param_dist_dates_final_num_susc_individuals","50","closed","90432"
"552","G.2","param_dist_dates_final_num_susc_individuals","75","closed","92166"
"553","G.2","param_dist_dates_final_num_susc_individuals","95","closed","94991"
"554","G.2","param_dist_dates_final_num_susc_individuals","5","2weeks","85355"
"555","G.2","param_dist_dates_final_num_susc_individuals","25","2weeks","85373"
"556","G.2","param_dist_dates_final_num_susc_individuals","50","2weeks","85386"
"557","G.2","param_dist_dates_final_num_susc_individuals","75","2weeks","85399"
"558","G.2","param_dist_dates_final_num_susc_individuals","95","2weeks","85418"
"559","G.2","param_dist_dates_final_num_susc_individuals","5","5percent","85794"
"560","G.2","param_dist_dates_final_num_susc_individuals","25","5percent","88581"
"561","G.2","param_dist_dates_final_num_susc_individuals","50","5percent","90432"
"562","G.2","param_dist_dates_final_num_susc_individuals","75","5percent","92166"
"563","G.2","param_dist_dates_final_num_susc_individuals","95","5percent","94991"
"564","G.2","param_dist_dates_final_num_susc_individuals","5","open","45529"
"565","G.2","param_dist_dates_final_num_susc_individuals","25","open","46157"
"566","G.2","param_dist_dates_final_num_susc_individuals","50","open","46613"
"567","G.2","param_dist_dates_final_num_susc_individuals","75","open","47067"
"568","G.2","param_dist_dates_final_num_susc_individuals","95","open","47742"
"569","G.2","param_new_infections_final_day","5","closed","38.952199999999998"
"570","G.2","param_new_infections_final_day","25","closed","63.699300000000001"
"571","G.2","param_new_infections_final_day","50","closed","73.838999999999999"
"572","G.2","param_new_infections_final_day","75","closed","79.866299999999995"
"573","G.2","param_new_infections_final_day","95","closed","81.844200000000001"
"574","G.2","param_new_infections_final_day","5","2weeks","84.911699999999996"
"575","G.2","param_new_infections_final_day","25","2weeks","85.020499999999998"
"576","G.2","param_new_infections_final_day","50","2weeks","85.090800000000002"
"577","G.2","param_new_infections_final_day","75","2weeks","85.168099999999995"
"578","G.2","param_new_infections_final_day","95","2weeks","85.269199999999998"
"579","G.2","param_new_infections_final_day","5","5percent","38.952199999999998"
"580","G.2","param_new_infections_final_day","25","5percent","63.699300000000001"
"581","G.2","param_new_infections_final_day","50","5percent","73.838999999999999"
"582","G.2","param_new_infections_final_day","75","5percent","79.866299999999995"
"583","G.2","param_new_infections_final_day","95","5percent","81.844200000000001"
"584","G.2","param_new_infections_final_day","5","open","290.04379999999998"
"585","G.2","param_new_infections_final_day","25","open","293.7817"
"586","G.2","param_new_infections_final_day","50","open","296.29300000000001"
"587","G.2","param_new_infections_final_day","75","open","298.81709999999998"
"588","G.2","param_new_infections_final_day","95","open","302.2901"
"589","G.2","param_daily_deaths_final_day","5","closed","0.72950000000000004"
"590","G.2","param_daily_deaths_final_day","25","closed","1.1456999999999999"
"591","G.2","param_daily_deaths_final_day","50","closed","1.4097999999999999"
"592","G.2","param_daily_deaths_final_day","75","closed","1.6977"
"593","G.2","param_daily_deaths_final_day","95","closed","2.1381999999999999"
"594","G.2","param_daily_deaths_final_day","5","2weeks","2.5975999999999999"
"595","G.2","param_daily_deaths_final_day","25","2weeks","2.6021000000000001"
"596","G.2","param_daily_deaths_final_day","50","2weeks","2.6051000000000002"
"597","G.2","param_daily_deaths_final_day","75","2weeks","2.6082000000000001"
"598","G.2","param_daily_deaths_final_day","95","2weeks","2.6124000000000001"
"599","G.2","param_daily_deaths_final_day","5","5percent","0.72950000000000004"
"600","G.2","param_daily_deaths_final_day","25","5percent","1.1456999999999999"
"601","G.2","param_daily_deaths_final_day","50","5percent","1.4097999999999999"
"602","G.2","param_daily_deaths_final_day","75","5percent","1.6977"
"603","G.2","param_daily_deaths_final_day","95","5percent","2.1381999999999999"
"604","G.2","param_daily_deaths_final_day","5","open","7.9988000000000001"
"605","G.2","param_daily_deaths_final_day","25","open","8.1021000000000001"
"606","G.2","param_daily_deaths_final_day","50","open","8.1714000000000002"
"607","G.2","param_daily_deaths_final_day","75","open","8.2411999999999992"
"608","G.2","param_daily_deaths_final_day","95","open","8.3370999999999995"
"609","D","param_importation_rates_num","NA","NA","none"
"610","D","param_initial_number_susc_individuals","5","NA","96623"
"611","D","param_initial_number_susc_individuals","25","NA","98439"
"612","D","param_initial_number_susc_individuals","50","NA","99157"
"613","D","param_initial_number_susc_individuals","75","NA","99557"
"614","D","param_initial_number_susc_individuals","95","NA","99827"
"615","D","param_dist_dates_5percent_intervention","5","5percent","18"
"616","D","param_dist_dates_5percent_intervention","25","5percent","24"
"617","D","param_dist_dates_5percent_intervention","50","5percent","28"
"618","D","param_dist_dates_5percent_intervention","75","5percent","34"
"619","D","param_dist_dates_5percent_intervention","95","5percent","39"
"620","D","param_dist_dates_2wk_intervention","5","2weeks","1"
"621","D","param_dist_dates_2wk_intervention","25","2weeks","2"
"622","D","param_dist_dates_2wk_intervention","50","2weeks","3"
"623","D","param_dist_dates_2wk_intervention","75","2weeks","4"
"624","D","param_dist_dates_2wk_intervention","95","2weeks","6"
"625","D","param_dist_dates_final_num_susc_individuals","5","closed","96301"
"626","D","param_dist_dates_final_num_susc_individuals","25","closed","98287"
"627","D","param_dist_dates_final_num_susc_individuals","50","closed","99076"
"628","D","param_dist_dates_final_num_susc_individuals","75","closed","99514"
"629","D","param_dist_dates_final_num_susc_individuals","95","closed","99807"
"630","D","param_dist_dates_final_num_susc_individuals","5","2weeks","59445"
"631","D","param_dist_dates_final_num_susc_individuals","25","2weeks","69303"
"632","D","param_dist_dates_final_num_susc_individuals","50","2weeks","83320"
"633","D","param_dist_dates_final_num_susc_individuals","75","2weeks","95062"
"634","D","param_dist_dates_final_num_susc_individuals","95","2weeks","99691"
"635","D","param_dist_dates_final_num_susc_individuals","5","5percent","77158"
"636","D","param_dist_dates_final_num_susc_individuals","25","5percent","91229"
"637","D","param_dist_dates_final_num_susc_individuals","50","5percent","97895"
"638","D","param_dist_dates_final_num_susc_individuals","75","5percent","99369"
"639","D","param_dist_dates_final_num_susc_individuals","95","5percent","99790"
"640","D","param_dist_dates_final_num_susc_individuals","5","open","58819"
"641","D","param_dist_dates_final_num_susc_individuals","25","open","67158"
"642","D","param_dist_dates_final_num_susc_individuals","50","open","80746"
"643","D","param_dist_dates_final_num_susc_individuals","75","open","93211"
"644","D","param_dist_dates_final_num_susc_individuals","95","open","99621"
"645","D","param_new_infections_final_day","5","closed","0"
"646","D","param_new_infections_final_day","25","closed","0"
"647","D","param_new_infections_final_day","50","closed","0"
"648","D","param_new_infections_final_day","75","closed","0"
"649","D","param_new_infections_final_day","95","closed","0"
"650","D","param_new_infections_final_day","5","2weeks","0"
"651","D","param_new_infections_final_day","25","2weeks","111"
"652","D","param_new_infections_final_day","50","2weeks","319"
"653","D","param_new_infections_final_day","75","2weeks","463"
"654","D","param_new_infections_final_day","95","2weeks","641"
"655","D","param_new_infections_final_day","5","5percent","0"
"656","D","param_new_infections_final_day","25","5percent","0"
"657","D","param_new_infections_final_day","50","5percent","7"
"658","D","param_new_infections_final_day","75","5percent","244"
"659","D","param_new_infections_final_day","95","5percent","630"
"660","D","param_new_infections_final_day","5","open","0"
"661","D","param_new_infections_final_day","25","open","153"
"662","D","param_new_infections_final_day","50","open","315"
"663","D","param_new_infections_final_day","75","open","443"
"664","D","param_new_infections_final_day","95","open","615"
"665","D","param_daily_deaths_final_day","5","closed","0"
"666","D","param_daily_deaths_final_day","25","closed","0"
"667","D","param_daily_deaths_final_day","50","closed","0"
"668","D","param_daily_deaths_final_day","75","closed","0"
"669","D","param_daily_deaths_final_day","95","closed","0"
"670","D","param_daily_deaths_final_day","5","2weeks","0"
"671","D","param_daily_deaths_final_day","25","2weeks","0"
"672","D","param_daily_deaths_final_day","50","2weeks","1"
"673","D","param_daily_deaths_final_day","75","2weeks","3"
"674","D","param_daily_deaths_final_day","95","2weeks","6"
"675","D","param_daily_deaths_final_day","5","5percent","0"
"676","D","param_daily_deaths_final_day","25","5percent","0"
"677","D","param_daily_deaths_final_day","50","5percent","0"
"678","D","param_daily_deaths_final_day","75","5percent","1"
"679","D","param_daily_deaths_final_day","95","5percent","4"
"680","D","param_daily_deaths_final_day","5","open","0"
"681","D","param_daily_deaths_final_day","25","open","0"
"682","D","param_daily_deaths_final_day","50","open","1"
"683","D","param_daily_deaths_final_day","75","open","3"
"684","D","param_daily_deaths_final_day","95","open","6"
"685","I","param_importation_rates_num","NA","NA","none (after initial seeding)"
"686","I","param_initial_number_susc_individuals","5","NA","99864"
"687","I","param_initial_number_susc_individuals","25","NA","99923"
"688","I","param_initial_number_susc_individuals","50","NA","99951"
"689","I","param_initial_number_susc_individuals","75","NA","99970"
"690","I","param_initial_number_susc_individuals","95","NA","99987"
"691","I","param_dist_dates_5percent_intervention","5","5percent","165"
"692","I","param_dist_dates_5percent_intervention","25","5percent","184"
"693","I","param_dist_dates_5percent_intervention","50","5percent","184"
"694","I","param_dist_dates_5percent_intervention","75","5percent","184"
"695","I","param_dist_dates_5percent_intervention","95","5percent","184"
"696","I","param_dist_dates_2wk_intervention","5","2weeks","38"
"697","I","param_dist_dates_2wk_intervention","25","2weeks","70"
"698","I","param_dist_dates_2wk_intervention","50","2weeks","88"
"699","I","param_dist_dates_2wk_intervention","75","2weeks","103"
"700","I","param_dist_dates_2wk_intervention","95","2weeks","122"
"701","I","param_dist_dates_final_num_susc_individuals","5","closed","47541"
"702","I","param_dist_dates_final_num_susc_individuals","25","closed","57733"
"703","I","param_dist_dates_final_num_susc_individuals","50","closed","64336"
"704","I","param_dist_dates_final_num_susc_individuals","75","closed","69655"
"705","I","param_dist_dates_final_num_susc_individuals","95","closed","75789"
"706","I","param_dist_dates_final_num_susc_individuals","5","2weeks","27523"
"707","I","param_dist_dates_final_num_susc_individuals","25","2weeks","36546"
"708","I","param_dist_dates_final_num_susc_individuals","50","2weeks","41853"
"709","I","param_dist_dates_final_num_susc_individuals","75","2weeks","46890"
"710","I","param_dist_dates_final_num_susc_individuals","95","2weeks","54045"
"711","I","param_dist_dates_final_num_susc_individuals","5","5percent","47634"
"712","I","param_dist_dates_final_num_susc_individuals","25","5percent","57624"
"713","I","param_dist_dates_final_num_susc_individuals","50","5percent","64188"
"714","I","param_dist_dates_final_num_susc_individuals","75","5percent","69578"
"715","I","param_dist_dates_final_num_susc_individuals","95","5percent","75973"
"716","I","param_dist_dates_final_num_susc_individuals","5","open","16309"
"717","I","param_dist_dates_final_num_susc_individuals","25","open","23749"
"718","I","param_dist_dates_final_num_susc_individuals","50","open","28905"
"719","I","param_dist_dates_final_num_susc_individuals","75","open","33726"
"720","I","param_dist_dates_final_num_susc_individuals","95","open","40460"
"721","I","param_new_infections_final_day","5","closed","5"
"722","I","param_new_infections_final_day","25","closed","15"
"723","I","param_new_infections_final_day","50","closed","30"
"724","I","param_new_infections_final_day","75","closed","54"
"725","I","param_new_infections_final_day","95","closed","118"
"726","I","param_new_infections_final_day","5","2weeks","1"
"727","I","param_new_infections_final_day","25","2weeks","26"
"728","I","param_new_infections_final_day","50","2weeks","92"
"729","I","param_new_infections_final_day","75","2weeks","200"
"730","I","param_new_infections_final_day","95","2weeks","420"
"731","I","param_new_infections_final_day","5","5percent","6"
"732","I","param_new_infections_final_day","25","5percent","17"
"733","I","param_new_infections_final_day","50","5percent","31"
"734","I","param_new_infections_final_day","75","5percent","55"
"735","I","param_new_infections_final_day","95","5percent","119"
"736","I","param_new_infections_final_day","5","open","0"
"737","I","param_new_infections_final_day","25","open","0"
"738","I","param_new_infections_final_day","50","open","0"
"739","I","param_new_infections_final_day","75","open","1"
"740","I","param_new_infections_final_day","95","open","4"
"741","I","param_daily_deaths_final_day","5","closed","0"
"742","I","param_daily_deaths_final_day","25","closed","0"
"743","I","param_daily_deaths_final_day","50","closed","0"
"744","I","param_daily_deaths_final_day","75","closed","1"
"745","I","param_daily_deaths_final_day","95","closed","2"
"746","I","param_daily_deaths_final_day","5","2weeks","0"
"747","I","param_daily_deaths_final_day","25","2weeks","0"
"748","I","param_daily_deaths_final_day","50","2weeks","0"
"749","I","param_daily_deaths_final_day","75","2weeks","2"
"750","I","param_daily_deaths_final_day","95","2weeks","6"
"751","I","param_daily_deaths_final_day","5","5percent","0"
"752","I","param_daily_deaths_final_day","25","5percent","0"
"753","I","param_daily_deaths_final_day","50","5percent","1"
"754","I","param_daily_deaths_final_day","75","5percent","1"
"755","I","param_daily_deaths_final_day","95","5percent","2"
"756","I","param_daily_deaths_final_day","5","open","0"
"757","I","param_daily_deaths_final_day","25","open","0"
"758","I","param_daily_deaths_final_day","50","open","0"
"759","I","param_daily_deaths_final_day","75","open","0"
"760","I","param_daily_deaths_final_day","95","open","0"
"761","E","param_importation_rates_num","NA","NA","0.14 cases / day"
"762","E","param_initial_number_susc_individuals","5","NA","91091"
"763","E","param_initial_number_susc_individuals","25","NA","93093"
"764","E","param_initial_number_susc_individuals","50","NA","94094"
"765","E","param_initial_number_susc_individuals","75","NA","95095"
"766","E","param_initial_number_susc_individuals","95","NA","98098"
"767","E","param_dist_dates_5percent_intervention","5","5percent","57"
"768","E","param_dist_dates_5percent_intervention","25","5percent","183"
"769","E","param_dist_dates_5percent_intervention","50","5percent","184"
"770","E","param_dist_dates_5percent_intervention","75","5percent","184"
"771","E","param_dist_dates_5percent_intervention","95","5percent","184"
"772","E","param_dist_dates_2wk_intervention","5","2weeks","184"
"773","E","param_dist_dates_2wk_intervention","25","2weeks","184"
"774","E","param_dist_dates_2wk_intervention","50","2weeks","184"
"775","E","param_dist_dates_2wk_intervention","75","2weeks","184"
"776","E","param_dist_dates_2wk_intervention","95","2weeks","184"
"777","E","param_dist_dates_final_num_susc_individuals","5","closed","76303"
"778","E","param_dist_dates_final_num_susc_individuals","25","closed","79367"
"779","E","param_dist_dates_final_num_susc_individuals","50","closed","80835"
"780","E","param_dist_dates_final_num_susc_individuals","75","closed","88487"
"781","E","param_dist_dates_final_num_susc_individuals","95","closed","92304"
"782","E","param_dist_dates_final_num_susc_individuals","5","2weeks","65097"
"783","E","param_dist_dates_final_num_susc_individuals","25","2weeks","75596"
"784","E","param_dist_dates_final_num_susc_individuals","50","2weeks","79339"
"785","E","param_dist_dates_final_num_susc_individuals","75","2weeks","86537"
"786","E","param_dist_dates_final_num_susc_individuals","95","2weeks","91491"
"787","E","param_dist_dates_final_num_susc_individuals","5","5percent","68254"
"788","E","param_dist_dates_final_num_susc_individuals","25","5percent","75955"
"789","E","param_dist_dates_final_num_susc_individuals","50","5percent","80037"
"790","E","param_dist_dates_final_num_susc_individuals","75","5percent","82797"
"791","E","param_dist_dates_final_num_susc_individuals","95","5percent","88566"
"792","E","param_dist_dates_final_num_susc_individuals","5","open","38846"
"793","E","param_dist_dates_final_num_susc_individuals","25","open","41814"
"794","E","param_dist_dates_final_num_susc_individuals","50","open","63518"
"795","E","param_dist_dates_final_num_susc_individuals","75","open","64092"
"796","E","param_dist_dates_final_num_susc_individuals","95","open","65197"
"797","E","param_new_infections_final_day","5","closed","0"
"798","E","param_new_infections_final_day","25","closed","6"
"799","E","param_new_infections_final_day","50","closed","11"
"800","E","param_new_infections_final_day","75","closed","18"
"801","E","param_new_infections_final_day","95","closed","41"
"802","E","param_new_infections_final_day","5","2weeks","4"
"803","E","param_new_infections_final_day","25","2weeks","24"
"804","E","param_new_infections_final_day","50","2weeks","38"
"805","E","param_new_infections_final_day","75","2weeks","65"
"806","E","param_new_infections_final_day","95","2weeks","142"
"807","E","param_new_infections_final_day","5","5percent","14"
"808","E","param_new_infections_final_day","25","5percent","18"
"809","E","param_new_infections_final_day","50","5percent","28"
"810","E","param_new_infections_final_day","75","5percent","54"
"811","E","param_new_infections_final_day","95","5percent","167"
"812","E","param_new_infections_final_day","5","open","0"
"813","E","param_new_infections_final_day","25","open","0"
"814","E","param_new_infections_final_day","50","open","8"
"815","E","param_new_infections_final_day","75","open","17"
"816","E","param_new_infections_final_day","95","open","40"
"817","E","param_daily_deaths_final_day","5","closed","0"
"818","E","param_daily_deaths_final_day","25","closed","0"
"819","E","param_daily_deaths_final_day","50","closed","0"
"820","E","param_daily_deaths_final_day","75","closed","0"
"821","E","param_daily_deaths_final_day","95","closed","0"
"822","E","param_daily_deaths_final_day","5","2weeks","0"
"823","E","param_daily_deaths_final_day","25","2weeks","0"
"824","E","param_daily_deaths_final_day","50","2weeks","0"
"825","E","param_daily_deaths_final_day","75","2weeks","1"
"826","E","param_daily_deaths_final_day","95","2weeks","2"
"827","E","param_daily_deaths_final_day","5","5percent","0"
"828","E","param_daily_deaths_final_day","25","5percent","0"
"829","E","param_daily_deaths_final_day","50","5percent","0"
"830","E","param_daily_deaths_final_day","75","5percent","0"
"831","E","param_daily_deaths_final_day","95","5percent","2"
"832","E","param_daily_deaths_final_day","5","open","0"
"833","E","param_daily_deaths_final_day","25","open","0"
"834","E","param_daily_deaths_final_day","50","open","0"
"835","E","param_daily_deaths_final_day","75","open","0"
"836","E","param_daily_deaths_final_day","95","open","1"
"837","H","param_importation_rates_num","NA","NA","none"
"838","H","param_initial_number_susc_individuals","5","NA","94032"
"839","H","param_initial_number_susc_individuals","25","NA","99250"
"840","H","param_initial_number_susc_individuals","50","NA","99304"
"841","H","param_initial_number_susc_individuals","75","NA","99346"
"842","H","param_initial_number_susc_individuals","95","NA","99392"
"843","H","param_dist_dates_5percent_intervention","5","5percent","46"
"844","H","param_dist_dates_5percent_intervention","25","5percent","104"
"845","H","param_dist_dates_5percent_intervention","50","5percent","129"
"846","H","param_dist_dates_5percent_intervention","75","5percent","146"
"847","H","param_dist_dates_5percent_intervention","95","5percent","165"
"848","H","param_dist_dates_2wk_intervention","5","2weeks","38"
"849","H","param_dist_dates_2wk_intervention","25","2weeks","69"
"850","H","param_dist_dates_2wk_intervention","50","2weeks","93"
"851","H","param_dist_dates_2wk_intervention","75","2weeks","122"
"852","H","param_dist_dates_2wk_intervention","95","2weeks","173"
"853","H","param_dist_dates_final_num_susc_individuals","5","closed","93285"
"854","H","param_dist_dates_final_num_susc_individuals","25","closed","94843"
"855","H","param_dist_dates_final_num_susc_individuals","50","closed","95258"
"856","H","param_dist_dates_final_num_susc_individuals","75","closed","95614"
"857","H","param_dist_dates_final_num_susc_individuals","95","closed","96217"
"858","H","param_dist_dates_final_num_susc_individuals","5","2weeks","58021"
"859","H","param_dist_dates_final_num_susc_individuals","25","2weeks","66697"
"860","H","param_dist_dates_final_num_susc_individuals","50","2weeks","73710"
"861","H","param_dist_dates_final_num_susc_individuals","75","2weeks","86596"
"862","H","param_dist_dates_final_num_susc_individuals","95","2weeks","95913"
"863","H","param_dist_dates_final_num_susc_individuals","5","5percent","65790"
"864","H","param_dist_dates_final_num_susc_individuals","25","5percent","82525"
"865","H","param_dist_dates_final_num_susc_individuals","50","5percent","91510"
"866","H","param_dist_dates_final_num_susc_individuals","75","5percent","94863"
"867","H","param_dist_dates_final_num_susc_individuals","95","5percent","96370"
"868","H","param_dist_dates_final_num_susc_individuals","5","open","42992"
"869","H","param_dist_dates_final_num_susc_individuals","25","open","48260"
"870","H","param_dist_dates_final_num_susc_individuals","50","open","51025"
"871","H","param_dist_dates_final_num_susc_individuals","75","open","53547"
"872","H","param_dist_dates_final_num_susc_individuals","95","open","57371"
"873","H","param_new_infections_final_day","5","closed","0"
"874","H","param_new_infections_final_day","25","closed","2"
"875","H","param_new_infections_final_day","50","closed","3"
"876","H","param_new_infections_final_day","75","closed","4"
"877","H","param_new_infections_final_day","95","closed","6"
"878","H","param_new_infections_final_day","5","2weeks","5"
"879","H","param_new_infections_final_day","25","2weeks","52"
"880","H","param_new_infections_final_day","50","2weeks","78"
"881","H","param_new_infections_final_day","75","2weeks","108"
"882","H","param_new_infections_final_day","95","2weeks","135"
"883","H","param_new_infections_final_day","5","5percent","1"
"884","H","param_new_infections_final_day","25","5percent","13"
"885","H","param_new_infections_final_day","50","5percent","54"
"886","H","param_new_infections_final_day","75","5percent","100"
"887","H","param_new_infections_final_day","95","5percent","136"
"888","H","param_new_infections_final_day","5","open","37"
"889","H","param_new_infections_final_day","25","open","52"
"890","H","param_new_infections_final_day","50","open","60"
"891","H","param_new_infections_final_day","75","open","67"
"892","H","param_new_infections_final_day","95","open","78"
"893","H","param_daily_deaths_final_day","5","closed","0"
"894","H","param_daily_deaths_final_day","25","closed","0"
"895","H","param_daily_deaths_final_day","50","closed","0"
"896","H","param_daily_deaths_final_day","75","closed","0"
"897","H","param_daily_deaths_final_day","95","closed","1"
"898","H","param_daily_deaths_final_day","5","2weeks","0"
"899","H","param_daily_deaths_final_day","25","2weeks","0"
"900","H","param_daily_deaths_final_day","50","2weeks","1"
"901","H","param_daily_deaths_final_day","75","2weeks","2"
"902","H","param_daily_deaths_final_day","95","2weeks","4"
"903","H","param_daily_deaths_final_day","5","5percent","0"
"904","H","param_daily_deaths_final_day","25","5percent","0"
"905","H","param_daily_deaths_final_day","50","5percent","0"
"906","H","param_daily_deaths_final_day","75","5percent","1"
"907","H","param_daily_deaths_final_day","95","5percent","3"
"908","H","param_daily_deaths_final_day","5","open","0"
"909","H","param_daily_deaths_final_day","25","open","1"
"910","H","param_daily_deaths_final_day","50","open","1"
"911","H","param_daily_deaths_final_day","75","open","2"
"912","H","param_daily_deaths_final_day","95","open","4"
"913","F","param_importation_rates_num","NA","NA","1 exposure / day (with probability of resistance)"
"914","F","param_initial_number_susc_individuals","5","NA","99409.31"
"915","F","param_initial_number_susc_individuals","25","NA","99499.4"
"916","F","param_initial_number_susc_individuals","50","NA","99549.450000000012"
"917","F","param_initial_number_susc_individuals","75","NA","99589.49"
"918","F","param_initial_number_susc_individuals","95","NA","99649.55"
"919","F","param_dist_dates_5percent_intervention","5","5percent","1"
"920","F","param_dist_dates_5percent_intervention","25","5percent","6"
"921","F","param_dist_dates_5percent_intervention","50","5percent","14"
"922","F","param_dist_dates_5percent_intervention","75","5percent","27"
"923","F","param_dist_dates_5percent_intervention","95","5percent","51"
"924","F","param_dist_dates_2wk_intervention","5","2weeks","60"
"925","F","param_dist_dates_2wk_intervention","25","2weeks","184"
"926","F","param_dist_dates_2wk_intervention","50","2weeks","184"
"927","F","param_dist_dates_2wk_intervention","75","2weeks","184"
"928","F","param_dist_dates_2wk_intervention","95","2weeks","184"
"929","F","param_dist_dates_final_num_susc_individuals","5","closed","98498.4"
"930","F","param_dist_dates_final_num_susc_individuals","25","closed","98698.6"
"931","F","param_dist_dates_final_num_susc_individuals","50","closed","98798.7"
"932","F","param_dist_dates_final_num_susc_individuals","75","closed","98898.8"
"933","F","param_dist_dates_final_num_susc_individuals","95","closed","98998.9"
"934","F","param_dist_dates_final_num_susc_individuals","5","2weeks","90685.595000000001"
"935","F","param_dist_dates_final_num_susc_individuals","25","2weeks","98598.5"
"936","F","param_dist_dates_final_num_susc_individuals","50","2weeks","98798.7"
"937","F","param_dist_dates_final_num_susc_individuals","75","2weeks","98898.8"
"938","F","param_dist_dates_final_num_susc_individuals","95","2weeks","98998.9"
"939","F","param_dist_dates_final_num_susc_individuals","5","5percent","80080"
"940","F","param_dist_dates_final_num_susc_individuals","25","5percent","81081"
"941","F","param_dist_dates_final_num_susc_individuals","50","5percent","82082"
"942","F","param_dist_dates_final_num_susc_individuals","75","5percent","84084"
"943","F","param_dist_dates_final_num_susc_individuals","95","5percent","89089"
"944","F","param_dist_dates_final_num_susc_individuals","5","open","79079"
"945","F","param_dist_dates_final_num_susc_individuals","25","open","80080"
"946","F","param_dist_dates_final_num_susc_individuals","50","open","81081"
"947","F","param_dist_dates_final_num_susc_individuals","75","open","81081"
"948","F","param_dist_dates_final_num_susc_individuals","95","open","82082"
"949","F","param_new_infections_final_day","5","closed","5"
"950","F","param_new_infections_final_day","25","closed","8"
"951","F","param_new_infections_final_day","50","closed","11"
"952","F","param_new_infections_final_day","75","closed","14"
"953","F","param_new_infections_final_day","95","closed","22"
"954","F","param_new_infections_final_day","5","2weeks","5"
"955","F","param_new_infections_final_day","25","2weeks","9"
"956","F","param_new_infections_final_day","50","2weeks","12"
"957","F","param_new_infections_final_day","75","2weeks","21"
"958","F","param_new_infections_final_day","95","2weeks","490.15"
"959","F","param_new_infections_final_day","5","5percent","216.85"
"960","F","param_new_infections_final_day","25","5percent","294"
"961","F","param_new_infections_final_day","50","5percent","368"
"962","F","param_new_infections_final_day","75","5percent","474"
"963","F","param_new_infections_final_day","95","5percent","574.04999999999995"
"964","F","param_new_infections_final_day","5","open","152"
"965","F","param_new_infections_final_day","25","open","199"
"966","F","param_new_infections_final_day","50","open","237.5"
"967","F","param_new_infections_final_day","75","open","276"
"968","F","param_new_infections_final_day","95","open","348.05"
"969","F","param_daily_deaths_final_day","5","closed","0"
"970","F","param_daily_deaths_final_day","25","closed","0"
"971","F","param_daily_deaths_final_day","50","closed","0"
"972","F","param_daily_deaths_final_day","75","closed","0"
"973","F","param_daily_deaths_final_day","95","closed","0"
"974","F","param_daily_deaths_final_day","5","2weeks","0"
"975","F","param_daily_deaths_final_day","25","2weeks","0"
"976","F","param_daily_deaths_final_day","50","2weeks","0"
"977","F","param_daily_deaths_final_day","75","2weeks","0"
"978","F","param_daily_deaths_final_day","95","2weeks","1"
"979","F","param_daily_deaths_final_day","5","5percent","0"
"980","F","param_daily_deaths_final_day","25","5percent","0"
"981","F","param_daily_deaths_final_day","50","5percent","1"
"982","F","param_daily_deaths_final_day","75","5percent","2"
"983","F","param_daily_deaths_final_day","95","5percent","4"
"984","F","param_daily_deaths_final_day","5","open","0"
"985","F","param_daily_deaths_final_day","25","open","0"
"986","F","param_daily_deaths_final_day","50","open","1"
"987","F","param_daily_deaths_final_day","75","open","2"
"988","F","param_daily_deaths_final_day","95","open","3"
"989","N","param_importation_rates_num","NA","NA","none"
"990","N","param_initial_number_susc_individuals","5","NA","95500"
"991","N","param_initial_number_susc_individuals","25","NA","96581"
"992","N","param_initial_number_susc_individuals","50","NA","97666"
"993","N","param_initial_number_susc_individuals","75","NA","98768"
"994","N","param_initial_number_susc_individuals","95","NA","99815"
"995","N","param_dist_dates_5percent_intervention","5","5percent","108"
"996","N","param_dist_dates_5percent_intervention","25","5percent","112"
"997","N","param_dist_dates_5percent_intervention","50","5percent","115"
"998","N","param_dist_dates_5percent_intervention","75","5percent","117"
"999","N","param_dist_dates_5percent_intervention","95","5percent","120"
"1000","N","param_dist_dates_2wk_intervention","5","2weeks","72"
"1001","N","param_dist_dates_2wk_intervention","25","2weeks","73"
"1002","N","param_dist_dates_2wk_intervention","50","2weeks","81"
"1003","N","param_dist_dates_2wk_intervention","75","2weeks","85"
"1004","N","param_dist_dates_2wk_intervention","95","2weeks","87"
"1005","N","param_dist_dates_final_num_susc_individuals","5","closed","95609"
"1006","N","param_dist_dates_final_num_susc_individuals","25","closed","95680"
"1007","N","param_dist_dates_final_num_susc_individuals","50","closed","95744"
"1008","N","param_dist_dates_final_num_susc_individuals","75","closed","95854"
"1009","N","param_dist_dates_final_num_susc_individuals","95","closed","95994"
"1010","N","param_dist_dates_final_num_susc_individuals","5","2weeks","91006"
"1011","N","param_dist_dates_final_num_susc_individuals","25","2weeks","91267"
"1012","N","param_dist_dates_final_num_susc_individuals","50","2weeks","91492"
"1013","N","param_dist_dates_final_num_susc_individuals","75","2weeks","91683"
"1014","N","param_dist_dates_final_num_susc_individuals","95","2weeks","92001"
"1015","N","param_dist_dates_final_num_susc_individuals","5","5percent","91677"
"1016","N","param_dist_dates_final_num_susc_individuals","25","5percent","91961"
"1017","N","param_dist_dates_final_num_susc_individuals","50","5percent","92127"
"1018","N","param_dist_dates_final_num_susc_individuals","75","5percent","92319"
"1019","N","param_dist_dates_final_num_susc_individuals","95","5percent","92513"
"1020","N","param_dist_dates_final_num_susc_individuals","5","open","77880"
"1021","N","param_dist_dates_final_num_susc_individuals","25","open","78640"
"1022","N","param_dist_dates_final_num_susc_individuals","50","open","79581"
"1023","N","param_dist_dates_final_num_susc_individuals","75","open","80156"
"1024","N","param_dist_dates_final_num_susc_individuals","95","open","81569"
"1025","N","param_new_infections_final_day","5","closed","0"
"1026","N","param_new_infections_final_day","25","closed","0"
"1027","N","param_new_infections_final_day","50","closed","0"
"1028","N","param_new_infections_final_day","75","closed","0"
"1029","N","param_new_infections_final_day","95","closed","0"
"1030","N","param_new_infections_final_day","5","2weeks","0"
"1031","N","param_new_infections_final_day","25","2weeks","0"
"1032","N","param_new_infections_final_day","50","2weeks","0"
"1033","N","param_new_infections_final_day","75","2weeks","0"
"1034","N","param_new_infections_final_day","95","2weeks","1"
"1035","N","param_new_infections_final_day","5","5percent","0"
"1036","N","param_new_infections_final_day","25","5percent","0"
"1037","N","param_new_infections_final_day","50","5percent","0"
"1038","N","param_new_infections_final_day","75","5percent","0"
"1039","N","param_new_infections_final_day","95","5percent","1"
"1040","N","param_new_infections_final_day","5","open","0"
"1041","N","param_new_infections_final_day","25","open","0"
"1042","N","param_new_infections_final_day","50","open","0"
"1043","N","param_new_infections_final_day","75","open","0"
"1044","N","param_new_infections_final_day","95","open","3"
"1045","N","param_daily_deaths_final_day","5","closed","0"
"1046","N","param_daily_deaths_final_day","25","closed","0"
"1047","N","param_daily_deaths_final_day","50","closed","0"
"1048","N","param_daily_deaths_final_day","75","closed","0"
"1049","N","param_daily_deaths_final_day","95","closed","0"
"1050","N","param_daily_deaths_final_day","5","2weeks","0"
"1051","N","param_daily_deaths_final_day","25","2weeks","0"
"1052","N","param_daily_deaths_final_day","50","2weeks","0"
"1053","N","param_daily_deaths_final_day","75","2weeks","0"
"1054","N","param_daily_deaths_final_day","95","2weeks","0"
"1055","N","param_daily_deaths_final_day","5","5percent","0"
"1056","N","param_daily_deaths_final_day","25","5percent","0"
"1057","N","param_daily_deaths_final_day","50","5percent","0"
"1058","N","param_daily_deaths_final_day","75","5percent","0"
"1059","N","param_daily_deaths_final_day","95","5percent","0"
"1060","N","param_daily_deaths_final_day","5","open","0"
"1061","N","param_daily_deaths_final_day","25","open","0"
"1062","N","param_daily_deaths_final_day","50","open","0"
"1063","N","param_daily_deaths_final_day","75","open","0"
"1064","N","param_daily_deaths_final_day","95","open","0"
"1065","C","param_importation_rates_num","NA","NA","none"
"1066","C","param_initial_number_susc_individuals","5","NA",NA
"1067","C","param_initial_number_susc_individuals","25","NA",NA
"1068","C","param_initial_number_susc_individuals","50","NA","100099"
"1069","C","param_initial_number_susc_individuals","75","NA",NA
"1070","C","param_initial_number_susc_individuals","95","NA",NA
"1071","C","param_dist_dates_5percent_intervention","5","5percent","35"
"1072","C","param_dist_dates_5percent_intervention","25","5percent","65"
"1073","C","param_dist_dates_5percent_intervention","50","5percent","77"
"1074","C","param_dist_dates_5percent_intervention","75","5percent","87"
"1075","C","param_dist_dates_5percent_intervention","95","5percent","99"
"1076","C","param_dist_dates_2wk_intervention","5","2weeks","0"
"1077","C","param_dist_dates_2wk_intervention","25","2weeks","0"
"1078","C","param_dist_dates_2wk_intervention","50","2weeks","0"
"1079","C","param_dist_dates_2wk_intervention","75","2weeks","17"
"1080","C","param_dist_dates_2wk_intervention","95","2weeks","33"
"1081","C","param_dist_dates_final_num_susc_individuals","5","closed","67903.399999999994"
"1082","C","param_dist_dates_final_num_susc_individuals","25","closed","78134.399999999994"
"1083","C","param_dist_dates_final_num_susc_individuals","50","closed","86802.4"
"1084","C","param_dist_dates_final_num_susc_individuals","75","closed","92425.02"
"1085","C","param_dist_dates_final_num_susc_individuals","95","closed","96684.4"
"1086","C","param_dist_dates_final_num_susc_individuals","5","2weeks","35570.400000000001"
"1087","C","param_dist_dates_final_num_susc_individuals","25","2weeks","46421.9"
"1088","C","param_dist_dates_final_num_susc_individuals","50","2weeks","57664.4"
"1089","C","param_dist_dates_final_num_susc_individuals","75","2weeks","69251.149999999994"
"1090","C","param_dist_dates_final_num_susc_individuals","95","2weeks","88147.9"
"1091","C","param_dist_dates_final_num_susc_individuals","5","5percent","49335.4"
"1092","C","param_dist_dates_final_num_susc_individuals","25","5percent","60888.4"
"1093","C","param_dist_dates_final_num_susc_individuals","50","5percent","71816.399999999994"
"1094","C","param_dist_dates_final_num_susc_individuals","75","5percent","83265.27"
"1095","C","param_dist_dates_final_num_susc_individuals","95","5percent","92479.4"
"1096","C","param_dist_dates_final_num_susc_individuals","5","open","30108.400000000001"
"1097","C","param_dist_dates_final_num_susc_individuals","25","open","43107.4"
"1098","C","param_dist_dates_final_num_susc_individuals","50","open","56109.4"
"1099","C","param_dist_dates_final_num_susc_individuals","75","open","69911.149999999994"
"1100","C","param_dist_dates_final_num_susc_individuals","95","open","89722.4"
"1101","C","param_new_infections_final_day","5","closed","0"
"1102","C","param_new_infections_final_day","25","closed","2.5000000000000001E-3"
"1103","C","param_new_infections_final_day","50","closed","4.8000000000000001E-2"
"1104","C","param_new_infections_final_day","75","closed","0.1"
"1105","C","param_new_infections_final_day","95","closed","0.23"
"1106","C","param_new_infections_final_day","5","2weeks","0"
"1107","C","param_new_infections_final_day","25","2weeks","0.03"
"1108","C","param_new_infections_final_day","50","2weeks","0.17"
"1109","C","param_new_infections_final_day","75","2weeks","0.51"
"1110","C","param_new_infections_final_day","95","2weeks","2.4500000000000002"
"1111","C","param_new_infections_final_day","5","5percent","0.24"
"1112","C","param_new_infections_final_day","25","5percent","2.016"
"1113","C","param_new_infections_final_day","50","5percent","6.34"
"1114","C","param_new_infections_final_day","75","5percent","15.1"
"1115","C","param_new_infections_final_day","95","5percent","22.49"
"1116","C","param_new_infections_final_day","5","open","0"
"1117","C","param_new_infections_final_day","25","open","0"
"1118","C","param_new_infections_final_day","50","open","7.4999999999999997E-2"
"1119","C","param_new_infections_final_day","75","open","0.48"
"1120","C","param_new_infections_final_day","95","open","2.54"
"1121","C","param_daily_deaths_final_day","5","closed","0"
"1122","C","param_daily_deaths_final_day","25","closed","0"
"1123","C","param_daily_deaths_final_day","50","closed","0"
"1124","C","param_daily_deaths_final_day","75","closed","0"
"1125","C","param_daily_deaths_final_day","95","closed","0"
"1126","C","param_daily_deaths_final_day","5","2weeks","0"
"1127","C","param_daily_deaths_final_day","25","2weeks","0"
"1128","C","param_daily_deaths_final_day","50","2weeks","0"
"1129","C","param_daily_deaths_final_day","75","2weeks","0"
"1130","C","param_daily_deaths_final_day","95","2weeks","1"
"1131","C","param_daily_deaths_final_day","5","5percent","0"
"1132","C","param_daily_deaths_final_day","25","5percent","0"
"1133","C","param_daily_deaths_final_day","50","5percent","1"
"1134","C","param_daily_deaths_final_day","75","5percent","3"
"1135","C","param_daily_deaths_final_day","95","5percent","6"
"1136","C","param_daily_deaths_final_day","5","open","0"
"1137","C","param_daily_deaths_final_day","25","open","0"
"1138","C","param_daily_deaths_final_day","50","open","0"
"1139","C","param_daily_deaths_final_day","75","open","0"
"1140","C","param_daily_deaths_final_day","95","open","1"
"1141","K","param_importation_rates_num","NA","NA","none"
"1142","K","param_initial_number_susc_individuals","5","NA","11210"
"1143","K","param_initial_number_susc_individuals","25","NA","76686"
"1144","K","param_initial_number_susc_individuals","50","NA","97826"
"1145","K","param_initial_number_susc_individuals","75","NA","99649"
"1146","K","param_initial_number_susc_individuals","95","NA","99801"
"1147","K","param_dist_dates_5percent_intervention","5","5percent",NA
"1148","K","param_dist_dates_5percent_intervention","25","5percent",NA
"1149","K","param_dist_dates_5percent_intervention","50","5percent","129"
"1150","K","param_dist_dates_5percent_intervention","75","5percent",NA
"1151","K","param_dist_dates_5percent_intervention","95","5percent",NA
"1152","K","param_dist_dates_2wk_intervention","5","2weeks",NA
"1153","K","param_dist_dates_2wk_intervention","25","2weeks",NA
"1154","K","param_dist_dates_2wk_intervention","50","2weeks","40"
"1155","K","param_dist_dates_2wk_intervention","75","2weeks",NA
"1156","K","param_dist_dates_2wk_intervention","95","2weeks",NA
"1157","K","param_dist_dates_final_num_susc_individuals","5","closed","6828"
"1158","K","param_dist_dates_final_num_susc_individuals","25","closed","40133"
"1159","K","param_dist_dates_final_num_susc_individuals","50","closed","90502"
"1160","K","param_dist_dates_final_num_susc_individuals","75","closed","99597"
"1161","K","param_dist_dates_final_num_susc_individuals","95","closed","99799"
"1162","K","param_dist_dates_final_num_susc_individuals","5","2weeks","6007"
"1163","K","param_dist_dates_final_num_susc_individuals","25","2weeks","35028"
"1164","K","param_dist_dates_final_num_susc_individuals","50","2weeks","88166"
"1165","K","param_dist_dates_final_num_susc_individuals","75","2weeks","99554"
"1166","K","param_dist_dates_final_num_susc_individuals","95","2weeks","99799"
"1167","K","param_dist_dates_final_num_susc_individuals","5","5percent","5845"
"1168","K","param_dist_dates_final_num_susc_individuals","25","5percent","35389"
"1169","K","param_dist_dates_final_num_susc_individuals","50","5percent","89346"
"1170","K","param_dist_dates_final_num_susc_individuals","75","5percent","99558"
"1171","K","param_dist_dates_final_num_susc_individuals","95","5percent","99799"
"1172","K","param_dist_dates_final_num_susc_individuals","5","open","5879"
"1173","K","param_dist_dates_final_num_susc_individuals","25","open","32515"
"1174","K","param_dist_dates_final_num_susc_individuals","50","open","87724"
"1175","K","param_dist_dates_final_num_susc_individuals","75","open","99554"
"1176","K","param_dist_dates_final_num_susc_individuals","95","open","99799"
"1177","K","param_new_infections_final_day","5","closed","0"
"1178","K","param_new_infections_final_day","25","closed","0"
"1179","K","param_new_infections_final_day","50","closed","1"
"1180","K","param_new_infections_final_day","75","closed","3"
"1181","K","param_new_infections_final_day","95","closed","58"
"1182","K","param_new_infections_final_day","5","2weeks","0"
"1183","K","param_new_infections_final_day","25","2weeks","0"
"1184","K","param_new_infections_final_day","50","2weeks","1"
"1185","K","param_new_infections_final_day","75","2weeks","3"
"1186","K","param_new_infections_final_day","95","2weeks","65"
"1187","K","param_new_infections_final_day","5","5percent","0"
"1188","K","param_new_infections_final_day","25","5percent","0"
"1189","K","param_new_infections_final_day","50","5percent","1"
"1190","K","param_new_infections_final_day","75","5percent","3"
"1191","K","param_new_infections_final_day","95","5percent","61"
"1192","K","param_new_infections_final_day","5","open","0"
"1193","K","param_new_infections_final_day","25","open","0"
"1194","K","param_new_infections_final_day","50","open","1"
"1195","K","param_new_infections_final_day","75","open","3"
"1196","K","param_new_infections_final_day","95","open","78"
"1197","K","param_daily_deaths_final_day","5","closed","0"
"1198","K","param_daily_deaths_final_day","25","closed","0"
"1199","K","param_daily_deaths_final_day","50","closed","0"
"1200","K","param_daily_deaths_final_day","75","closed","0"
"1201","K","param_daily_deaths_final_day","95","closed","0"
"1202","K","param_daily_deaths_final_day","5","2weeks","0"
"1203","K","param_daily_deaths_final_day","25","2weeks","0"
"1204","K","param_daily_deaths_final_day","50","2weeks","0"
"1205","K","param_daily_deaths_final_day","75","2weeks","0"
"1206","K","param_daily_deaths_final_day","95","2weeks","0"
"1207","K","param_daily_deaths_final_day","5","5percent","0"
"1208","K","param_daily_deaths_final_day","25","5percent","0"
"1209","K","param_daily_deaths_final_day","50","5percent","0"
"1210","K","param_daily_deaths_final_day","75","5percent","0"
"1211","K","param_daily_deaths_final_day","95","5percent","0"
"1212","K","param_daily_deaths_final_day","5","open","0"
"1213","K","param_daily_deaths_final_day","25","open","0"
"1214","K","param_daily_deaths_final_day","50","open","0"
"1215","K","param_daily_deaths_final_day","75","open","0"
"1216","K","param_daily_deaths_final_day","95","open","0"
"1217","A","param_importation_rates_num","NA","NA","none"
"1218","A","param_initial_number_susc_individuals","5","NA","98798"
"1219","A","param_initial_number_susc_individuals","25","NA","99272"
"1220","A","param_initial_number_susc_individuals","50","NA","99509"
"1221","A","param_initial_number_susc_individuals","75","NA","99701"
"1222","A","param_initial_number_susc_individuals","95","NA","99868"
"1223","A","param_dist_dates_5percent_intervention","5","5percent","101"
"1224","A","param_dist_dates_5percent_intervention","25","5percent","116"
"1225","A","param_dist_dates_5percent_intervention","50","5percent","131"
"1226","A","param_dist_dates_5percent_intervention","75","5percent","147"
"1227","A","param_dist_dates_5percent_intervention","95","5percent","173"
"1228","A","param_dist_dates_2wk_intervention","5","2weeks","63"
"1229","A","param_dist_dates_2wk_intervention","25","2weeks","71"
"1230","A","param_dist_dates_2wk_intervention","50","2weeks","80"
"1231","A","param_dist_dates_2wk_intervention","75","2weeks","94"
"1232","A","param_dist_dates_2wk_intervention","95","2weeks","124"
"1233","A","param_dist_dates_final_num_susc_individuals","5","closed","9560"
"1234","A","param_dist_dates_final_num_susc_individuals","25","closed","19890"
"1235","A","param_dist_dates_final_num_susc_individuals","50","closed","31326"
"1236","A","param_dist_dates_final_num_susc_individuals","75","closed","45498"
"1237","A","param_dist_dates_final_num_susc_individuals","95","closed","68493"
"1238","A","param_dist_dates_final_num_susc_individuals","5","2weeks","9073"
"1239","A","param_dist_dates_final_num_susc_individuals","25","2weeks","18801"
"1240","A","param_dist_dates_final_num_susc_individuals","50","2weeks","29578"
"1241","A","param_dist_dates_final_num_susc_individuals","75","2weeks","42626"
"1242","A","param_dist_dates_final_num_susc_individuals","95","2weeks","63460"
"1243","A","param_dist_dates_final_num_susc_individuals","5","5percent","9545"
"1244","A","param_dist_dates_final_num_susc_individuals","25","5percent","19852"
"1245","A","param_dist_dates_final_num_susc_individuals","50","5percent","31266"
"1246","A","param_dist_dates_final_num_susc_individuals","75","5percent","45444"
"1247","A","param_dist_dates_final_num_susc_individuals","95","5percent","68472"
"1248","A","param_dist_dates_final_num_susc_individuals","5","open","7682"
"1249","A","param_dist_dates_final_num_susc_individuals","25","open","16004"
"1250","A","param_dist_dates_final_num_susc_individuals","50","open","25115"
"1251","A","param_dist_dates_final_num_susc_individuals","75","open","36208"
"1252","A","param_dist_dates_final_num_susc_individuals","95","open","53938"
"1253","A","param_new_infections_final_day","5","closed","0"
"1254","A","param_new_infections_final_day","25","closed","0"
"1255","A","param_new_infections_final_day","50","closed","1"
"1256","A","param_new_infections_final_day","75","closed","5"
"1257","A","param_new_infections_final_day","95","closed","67"
"1258","A","param_new_infections_final_day","5","2weeks","0"
"1259","A","param_new_infections_final_day","25","2weeks","0"
"1260","A","param_new_infections_final_day","50","2weeks","2"
"1261","A","param_new_infections_final_day","75","2weeks","9"
"1262","A","param_new_infections_final_day","95","2weeks","126"
"1263","A","param_new_infections_final_day","5","5percent","0"
"1264","A","param_new_infections_final_day","25","5percent","0"
"1265","A","param_new_infections_final_day","50","5percent","2"
"1266","A","param_new_infections_final_day","75","5percent","8"
"1267","A","param_new_infections_final_day","95","5percent","67"
"1268","A","param_new_infections_final_day","5","open","0"
"1269","A","param_new_infections_final_day","25","open","0"
"1270","A","param_new_infections_final_day","50","open","0"
"1271","A","param_new_infections_final_day","75","open","1"
"1272","A","param_new_infections_final_day","95","open","8"
"1273","A","param_daily_deaths_final_day","5","closed","0"
"1274","A","param_daily_deaths_final_day","25","closed","0"
"1275","A","param_daily_deaths_final_day","50","closed","0"
"1276","A","param_daily_deaths_final_day","75","closed","1"
"1277","A","param_daily_deaths_final_day","95","closed","3"
"1278","A","param_daily_deaths_final_day","5","2weeks","0"
"1279","A","param_daily_deaths_final_day","25","2weeks","0"
"1280","A","param_daily_deaths_final_day","50","2weeks","0"
"1281","A","param_daily_deaths_final_day","75","2weeks","1"
"1282","A","param_daily_deaths_final_day","95","2weeks","4"
"1283","A","param_daily_deaths_final_day","5","5percent","0"
"1284","A","param_daily_deaths_final_day","25","5percent","0"
"1285","A","param_daily_deaths_final_day","50","5percent","0"
"1286","A","param_daily_deaths_final_day","75","5percent","1"
"1287","A","param_daily_deaths_final_day","95","5percent","3"
"1288","A","param_daily_deaths_final_day","5","open","0"
"1289","A","param_daily_deaths_final_day","25","open","0"
"1290","A","param_daily_deaths_final_day","50","open","0"
"1291","A","param_daily_deaths_final_day","75","open","0"
"1292","A","param_daily_deaths_final_day","95","open","1"
